{
    "simclr": {
        "peak_memory_mb": 989.1875,
        "flops_giga": 4.131698688,
        "train_time_seconds": 417.5733857154846,
        "eval_time_seconds": 25.519327640533447,
        "eval_metrics": {
            "eval_loss": 0.6880730390548706,
            "eval_accuracy": 0.6410256410256411,
            "eval_f1": 0.6350267379679144,
            "eval_auc": 0.6370808678500987,
            "eval_runtime": 25.5184,
            "eval_samples_per_second": 3.057,
            "eval_steps_per_second": 0.196,
            "epoch": 3.0
        }
    }
}