{
    "vit": {
        "model_name": "vit",
        "model_type": "vit",
        "peak_memory_mb": 10101.1875,
        "flops_giga": 16.862863872,
        "train_time_seconds": 5414.4866778850555,
        "eval_time_seconds": 342.1253128051758,
        "eval_metrics": {
            "eval_loss": 0.3993283212184906,
            "eval_accuracy": 0.815,
            "eval_f1": 0.8149687297153219,
            "eval_auc": 0.8991039999999999,
            "eval_runtime": 342.1228,
            "eval_samples_per_second": 2.923,
            "eval_steps_per_second": 0.041,
            "epoch": 3.0,
            "model": "vit",
            "phase": "finetune",
            "gpu_memory_mb": 10101.1875,
            "best_accuracy": 0.815
        }
    }
}