{
    "vit": {
        "peak_memory_mb": 3645.1875,
        "flops_giga": 16.862863872,
        "train_time_seconds": 767.9969284534454,
        "eval_time_seconds": 26.03217601776123,
        "eval_metrics": {
            "eval_loss": 0.5691768527030945,
            "eval_accuracy": 0.7051282051282052,
            "eval_f1": 0.7046913580246913,
            "eval_auc": 0.7771203155818541,
            "eval_runtime": 26.0313,
            "eval_samples_per_second": 2.996,
            "eval_steps_per_second": 0.192,
            "epoch": 3.0
        }
    },
    "dinov2": {
        "peak_memory_mb": 4721.1875,
        "flops_giga": 21.963552768,
        "train_time_seconds": 765.2545902729034,
        "eval_time_seconds": 26.221117734909058,
        "eval_metrics": {
            "eval_loss": 0.6859885454177856,
            "eval_accuracy": 0.7051282051282052,
            "eval_f1": 0.6820839978734715,
            "eval_auc": 0.8303747534516766,
            "eval_runtime": 26.22,
            "eval_samples_per_second": 2.975,
            "eval_steps_per_second": 0.191,
            "epoch": 3.0
        }
    }
}