{
    "simclr": {
        "peak_memory_mb": 1003.1875,
        "flops_giga": 4.131698688,
        "train_time_seconds": 128.30324125289917,
        "eval_time_seconds": 25.598750591278076,
        "eval_metrics": {
            "eval_loss": 0.6896047592163086,
            "eval_accuracy": 0.5512820512820513,
            "eval_f1": 0.49019607843137253,
            "eval_auc": 0.5746219592373438,
            "eval_runtime": 25.5978,
            "eval_samples_per_second": 3.047,
            "eval_steps_per_second": 0.195,
            "epoch": 1.0
        }
    }
}