{
    "vit": {
        "model_name": "vit",
        "model_type": "vit",
        "peak_memory_mb": 6197.1875,
        "flops_giga": 0.855424512,
        "train_time_seconds": 2316.893568277359,
        "eval_time_seconds": 68.61979532241821,
        "eval_metrics": {
            "eval_loss": 0.5946938395500183,
            "eval_accuracy": 0.69,
            "eval_f1": 0.6846709388668498,
            "eval_auc": 0.7788,
            "eval_runtime": 68.6175,
            "eval_samples_per_second": 2.915,
            "eval_steps_per_second": 0.102,
            "epoch": 3.0,
            "model": "vit",
            "phase": "finetune",
            "gpu_memory_mb": 2365.1875,
            "best_accuracy": 0.78
        }
    }
}